,Model,Brand,Price,CPU,RAM,Storage,Operating System,Camera Resolution,Screen Size
12,iPhone 13,Apple,21000,3.2,6.0,128.0,iOS,7.5,6.25
13,iPhone SE,Apple,10158,1.8,2.0,64.0,iOS,12.5,4.0
14,iPhone 11,Apple,14704,2.8,4.0,128.0,iOS,12.5,6.0
15,iPhone 11,Apple,13531,2.8,4.0,64.0,iOS,12.5,6.0
16,iPhone 11,Apple,14532,2.8,4.0,128.0,iOS,12.5,6.0
17,iPhone 13,Apple,20999,3.2,6.0,128.0,iOS,7.5,6.25
18,iPhone 13,Apple,20993,3.2,6.0,128.0,iOS,7.5,6.25
19,iPhone 11,Apple,13149,2.8,4.0,64.0,iOS,12.5,6.0
20,iPhone 13,Apple,22199,3.2,6.0,256.0,iOS,7.5,6.25
21,iPhone 13,Apple,20945,3.2,6.0,128.0,iOS,7.5,6.25
22,iPhone 13,Apple,30928,3.2,4.0,128.0,iOS,12.5,6.25
23,iPhone SE,Apple,9799,1.8,2.0,64.0,iOS,12.5,4.0
24,iPhone 13,Apple,21284,3.2,6.0,128.0,iOS,7.5,6.25
25,iPhone 11,Apple,14813,2.8,4.0,128.0,iOS,12.5,6.0
26,iPhone 13,Apple,30589,3.2,4.0,128.0,iOS,12.5,6.25
27,iPhone 11,Apple,13653,2.8,4.0,64.0,iOS,12.5,6.0
28,iPhone 12,Apple,17839,2.8,4.0,64.0,iOS,12.5,10.0
29,iPhone 13,Apple,28082,3.2,8.0,128.0,iOS,7.5,6.25
30,iPhone 11,Apple,13717,2.8,4.0,64.0,iOS,12.5,6.0
31,iPhone 11,Apple,14532,2.8,4.0,128.0,iOS,12.5,6.0
32,iPhone 11,Apple,14516,2.8,4.0,128.0,iOS,12.5,6.0
33,iPhone 13,Apple,28249,3.2,8.0,128.0,iOS,7.5,6.25
34,iPhone 13,Apple,28103,3.2,8.0,128.0,iOS,7.5,6.25
35,iPhone SE,Apple,10559,1.8,2.0,128.0,iOS,12.5,4.0
36,iPhone 12,Apple,19540,2.8,4.0,128.0,iOS,12.5,10.0
37,iPhone 13,Apple,30999,3.2,4.0,128.0,iOS,12.5,6.25
38,iPhone 12,Apple,17839,2.8,4.0,64.0,iOS,12.5,10.0
39,iPhone 13,Apple,31029,3.2,4.0,128.0,iOS,12.5,6.25
40,iPhone 13,Apple,30999,3.2,4.0,128.0,iOS,12.5,6.25
41,iPhone 12,Apple,30999,2.8,6.0,256.0,iOS,12.5,6.0
42,iPhone 13,Apple,21157,3.2,6.0,128.0,iOS,7.5,6.25
43,iPhone 12,Apple,17988,2.8,4.0,64.0,iOS,12.5,10.0
44,iPhone 13,Apple,22598,3.2,6.0,256.0,iOS,7.5,6.25
45,iPhone 13,Apple,40990,3.2,4.0,1.0,iOS,12.5,6.25
46,iPhone 7,Apple,11000,2.3,3.0,32.0,iOS,12.5,5.0
47,iPhone 13,Apple,33499,3.2,4.0,256.0,iOS,12.5,6.25
48,iPhone 12,Apple,17859,2.8,4.0,64.0,iOS,12.5,10.0
49,iPhone XR,Apple,14199,2.3,3.0,64.0,iOS,12.5,6.0
51,iPhone 13,Apple,28153,3.2,8.0,128.0,iOS,7.5,6.25
52,iPhone 13,Apple,37813,3.2,4.0,512.0,iOS,12.5,6.25
53,iPhone 13,Apple,33094,3.2,4.0,256.0,iOS,12.5,6.25
54,iPhone 13,Apple,33299,3.2,4.0,256.0,iOS,12.5,6.25
55,iPhone 13,Apple,33628,3.2,4.0,256.0,iOS,12.5,6.25
56,iPhone 12,Apple,19579,2.8,4.0,128.0,iOS,12.5,10.0
57,iPhone 11,Apple,14649,2.8,4.0,128.0,iOS,12.5,6.0
58,iPhone 11,Apple,13482,2.8,4.0,64.0,iOS,12.5,6.0
59,iPhone 12,Apple,19404,2.8,4.0,128.0,iOS,12.5,10.0
61,iPhone 13,Apple,39990,3.2,4.0,1.0,iOS,12.5,6.25
62,iPhone 13,Apple,28199,3.2,8.0,128.0,iOS,7.5,6.25
63,iPhone 13,Apple,29999,3.2,8.0,256.0,iOS,7.5,6.25
64,iPhone 13,Apple,30028,3.2,8.0,256.0,iOS,7.5,6.25
65,iPhone 7,Apple,11500,2.3,3.0,32.0,iOS,12.5,5.0
66,iPhone 13,Apple,40899,3.2,4.0,1.0,iOS,12.5,6.25
67,iPhone 13,Apple,33599,3.2,4.0,256.0,iOS,12.5,6.25
68,iPhone 12,Apple,19635,2.8,4.0,128.0,iOS,12.5,10.0
69,iPhone SE,Apple,10759,1.8,2.0,128.0,iOS,12.5,4.0
70,iPhone SE 64GB,Apple,9940,1.8,2.0,64.0,iOS,12.5,4.0
71,iPhone 11,Apple,13519,2.8,4.0,64.0,iOS,12.5,6.0
72,iPhone 13,Apple,23390,3.2,6.0,256.0,iOS,7.5,6.25
73,iPhone 13,Apple,30095,3.2,8.0,256.0,iOS,7.5,6.25
74,iPhone 12,Apple,28629,2.8,6.0,256.0,iOS,12.5,6.0
75,iPhone 12,Apple,18094,2.8,4.0,64.0,iOS,12.5,10.0
76,iPhone 12,Apple,18069,2.8,4.0,64.0,iOS,12.5,10.0
77,iPhone 11,Apple,19499,2.8,4.0,256.0,iOS,12.5,6.0
78,iPhone 12,Apple,30299,2.8,6.0,128.0,iOS,12.5,6.0
79,iPhone 13,Apple,20799,3.2,4.0,128.0,iOS,17.5,5.25
80,iPhone 13,Apple,30299,3.2,8.0,256.0,iOS,7.5,6.25
81,iPhone 13,Apple,20899,3.2,4.0,128.0,iOS,17.5,5.25
82,iPhone SE 128GB,Apple,10549,1.8,2.0,128.0,iOS,12.5,4.0
83,iPhone 11,Apple,19599,2.8,4.0,256.0,iOS,12.5,6.0
84,iPhone 12,Apple,30699,2.8,6.0,256.0,iOS,12.5,6.0
85,iPhone 12,Apple,19849,2.8,4.0,128.0,iOS,12.5,10.0
86,iPhone 13,Apple,23078,3.2,6.0,256.0,iOS,7.5,6.25
88,iPhone 13,Apple,41999,3.2,8.0,1.0,iOS,7.5,6.25
89,iPhone 12,Apple,29199,2.8,6.0,128.0,iOS,12.5,6.0
90,iPhone 13,Apple,24659,3.2,6.0,512.0,iOS,7.5,6.25
91,iPhone 13,Apple,23929,3.2,6.0,512.0,iOS,7.5,6.25
93,iPhone 13,Apple,19699,3.2,4.0,128.0,iOS,17.5,5.25
94,iPhone 12,Apple,17499,2.8,4.0,64.0,iOS,12.5,5.0
95,iPhone 13,Apple,24699,3.2,6.0,512.0,iOS,7.5,6.25
96,iPhone 13,Apple,38411,3.2,4.0,512.0,iOS,12.5,6.25
97,iPhone 13,Apple,28449,3.2,6.0,512.0,iOS,7.5,6.25
98,iPhone 12,Apple,18998,2.8,4.0,64.0,iOS,12.5,5.0
99,iPhone 12,Apple,18786,2.8,4.0,64.0,iOS,12.5,5.0
100,iPhone 12,Apple,17645,2.8,4.0,64.0,iOS,12.5,5.0
101,iPhone 11,Apple,20899,2.8,4.0,256.0,iOS,12.5,6.0
102,iPhone 13,Apple,20499,3.2,4.0,128.0,iOS,17.5,5.25
103,iPhone 13,Apple,40499,3.2,4.0,1.0,iOS,12.5,6.25
104,iPhone 13,Apple,38457,3.2,4.0,512.0,iOS,12.5,6.25
105,iPhone 13,Apple,20999,3.2,4.0,128.0,iOS,17.5,5.25
106,iPhone 13,Apple,38898,3.2,4.0,512.0,iOS,12.5,6.25
107,iPhone 13,Apple,25845,3.2,6.0,512.0,iOS,7.5,6.25
108,iPhone 13,Apple,27699,3.2,6.0,512.0,iOS,7.5,6.25
109,iPhone 13,Apple,37996,3.2,4.0,512.0,iOS,12.5,6.25
110,iPhone 12,Apple,29699,2.8,6.0,512.0,iOS,12.5,6.0
111,iPhone 12,Apple,19569,2.8,4.0,128.0,iOS,12.5,10.0
112,iPhone 13,Apple,35219,3.2,8.0,512.0,iOS,7.5,6.25
113,iPhone 12,Apple,20999,2.8,4.0,256.0,iOS,12.5,10.0
114,iPhone 12,Apple,20949,2.8,4.0,128.0,iOS,12.5,5.0
115,iPhone XR,Apple,14999,2.3,3.0,64.0,iOS,12.5,6.0
117,iPhone XR,Apple,15750,2.3,3.0,64.0,iOS,12.5,6.0
118,iPhone 13,Apple,23114,3.2,6.0,256.0,iOS,7.5,6.25
119,iPhone 13,Apple,38299,3.2,8.0,1.0,iOS,7.5,6.25
121,iPhone 12,Apple,29999,2.8,6.0,512.0,iOS,12.5,6.0
122,iPhone 12,Apple,22199,2.8,4.0,256.0,iOS,12.5,10.0
123,iPhone 13,Apple,23478,3.2,6.0,256.0,iOS,7.5,6.25
125,iPhone XR,Apple,15750,2.3,3.0,64.0,iOS,12.5,6.0
126,iPhone 13,Apple,41999,3.2,8.0,1.0,iOS,7.5,6.25
127,iPhone 13,Apple,19999,3.2,4.0,128.0,iOS,17.5,5.25
128,iPhone 12,Apple,34199,2.8,6.0,512.0,iOS,12.5,6.0
129,iPhone 12,Apple,32727,2.8,6.0,512.0,iOS,12.5,6.0
130,iPhone 11,Apple,15150,2.8,4.0,64.0,iOS,8.0,6.0
131,iPhone 11,Apple,14999,2.8,4.0,64.0,iOS,8.0,6.0
132,iPhone 12,Apple,20169,2.8,4.0,128.0,iOS,12.5,5.0
133,iPhone 13,Apple,41799,3.2,4.0,1.0,iOS,12.5,6.25
134,iPhone XR,Apple,14999,2.3,3.0,64.0,iOS,12.5,6.0
135,iPhone 12,Apple,18499,2.8,4.0,128.0,iOS,12.5,5.0
136,iPhone 13,Apple,31499,3.2,8.0,256.0,iOS,7.5,6.25
137,iPhone 13,Apple,35499,3.2,8.0,512.0,iOS,7.5,6.25
138,iPhone 12,Apple,18590,2.8,4.0,128.0,iOS,12.5,5.0
139,iPhone 12,Apple,21250,2.8,4.0,256.0,iOS,12.5,10.0
140,iPhone 13,Apple,25949,3.2,4.0,512.0,iOS,17.5,5.25
145,iPhone 13,Apple,26000,3.2,4.0,512.0,iOS,17.5,5.25
146,İphone 12,Apple,30000,3.2,6.0,128.0,iOS,12.5,6.25
147,iPhone 13,Apple,41999,3.2,8.0,1.0,iOS,7.5,6.25
149,iPhone 13,Apple,21194,3.2,4.0,512.0,iOS,17.5,5.25
150,iPhone 13,Apple,35959,3.2,8.0,512.0,iOS,7.5,6.25
151,iPhone 13,Apple,20999,3.2,4.0,256.0,iOS,17.5,5.25
152,iPhone 13,Apple,39999,3.2,8.0,512.0,iOS,7.5,6.25
153,iPhone 13,Apple,41999,3.2,8.0,1.0,iOS,12.0,6.25
154,iPhone 12,Apple,28999,2.8,6.0,512.0,iOS,12.5,6.0
157,iPhone SE 256GB,Apple,13399,1.8,2.0,256.0,iOS,12.5,4.0
158,iPhone 13,Apple,36249,3.2,8.0,512.0,iOS,7.5,6.25
159,Iphone 11,Apple,15200,2.8,4.0,128.0,iOS,12.5,6.25
161,iPhone 13,Apple,22400,3.2,4.0,512.0,iOS,17.5,5.25
162,iPhone 12,Apple,20049,2.8,4.0,256.0,iOS,12.5,5.0
163,iPhone 13,Apple,23999,3.2,4.0,256.0,iOS,17.5,5.25
164,iPhone 13,Apple,23799,3.2,4.0,512.0,iOS,17.5,5.25
166,iPhone 12,Apple,20049,2.8,4.0,256.0,iOS,12.5,5.0
167,iPhone 12,Apple,19599,2.8,4.0,256.0,iOS,12.5,5.0
168,iPhone 13,Apple,23599,3.2,4.0,256.0,iOS,17.5,5.25
169,Iphone 12,Apple,23299,2.8,4.0,256.0,iOS,7.5,6.0
170,iPhone 13,Apple,25723,3.2,6.0,256.0,iOS,12.0,6.25
171,iPhone 13,Apple,22999,3.2,4.0,256.0,iOS,17.5,5.25
172,iPhone 12,Apple,20999,2.8,4.0,256.0,iOS,12.5,5.0
174,Iphone Se,Apple,12000,2.8,3.0,64.0,iOS,12.5,4.0
175,iPhone 12,Apple,22399,2.8,4.0,256.0,iOS,12.5,10.0
176,iPhone 13,Apple,38097,3.2,8.0,1.0,iOS,7.5,6.25
177,iPhone 12,Apple,22249,2.8,4.0,256.0,iOS,12.5,10.0
178,iPhone 13,Apple,23623,3.2,6.0,128.0,iOS,12.0,6.25
179,Iphone 12,Apple,18972,3.2,4.0,64.0,iOS,12.5,6.25
180,iPhone 13,Apple,22999,3.2,4.0,256.0,iOS,12.5,5.25
181,iPhone 13,Apple,23623,3.2,6.0,128.0,iOS,12.0,6.25
182,iPhone 13,Apple,31340,3.2,8.0,256.0,iOS,12.0,6.25
183,iPhone 13,Apple,23249,3.2,6.0,256.0,iOS,12.0,6.25
184,Iphone 12,Apple,19000,2.8,6.0,64.0,iOS,12.5,6.25
186,iPhone 13,Apple,23499,3.2,6.0,128.0,iOS,12.0,6.25
187,iPhone 13,Apple,24500,3.2,4.0,256.0,iOS,12.5,6.25
188,iPhone 13,Apple,29999,3.2,6.0,128.0,iOS,12.0,6.25
189,iPhone 13,Apple,23249,3.2,6.0,256.0,iOS,12.0,6.25
190,iPhone 13,Apple,29390,3.2,8.0,128.0,iOS,12.5,6.25
191,iPhone 13,Apple,23249,3.2,4.0,256.0,iOS,12.5,6.25
193,iPhone 13,Apple,23249,3.2,4.0,256.0,iOS,12.5,6.25
194,iPhone 13,Apple,32599,3.2,6.0,256.0,iOS,12.0,6.25
195,Iphone 12,Apple,22249,3.2,4.0,256.0,iOS,12.5,6.25
272,GM 21,General Mobile,2450,1.8,3.0,32.0,Android,7.5,6.0
273,Gm 21,General Mobile,3879,2.3,6.0,128.0,Android,20.0,6.0
274,Gm 21,General Mobile,3770,2.3,6.0,128.0,Android,20.0,6.0
275,Gm 21,General Mobile,2818,2.3,4.0,64.0,Android,20.0,6.0
276,Gm 21,General Mobile,2774,2.3,4.0,64.0,Android,20.0,6.0
281,GM 21,General Mobile,2398,1.8,3.0,32.0,Android,7.5,6.0
284,Gm 9,General Mobile,1895,1.3,1.0,16.0,Android,12.5,5.0
289,Gm 20,General Mobile,3750,2.3,6.0,128.0,Android,20.0,6.0
291,Gm9 Plus,General Mobile,2999,1.8,3.0,32.0,Android,12.5,6.0
302,Gm9 Pro,General Mobile,3899,2.3,4.0,64.0,Android,12.5,6.0
303,GM 20,General Mobile,3199,1.8,4.0,64.0,Android,12.5,6.0
306,Androidone Gm8,General Mobile,2800,1.3,3.0,64.0,Android,12.5,5.0
308,Gm21 3gb,General Mobile,2379,1.8,3.0,32.0,Android,12.5,6.0
317,General Mobıle,General Mobile,2599,1.3,3.0,32.0,Android,12.5,5.0
318,Gm 9,General Mobile,2299,1.3,2.0,16.0,Android,12.5,5.0
323,Gm 21,General Mobile,2499,1.8,3.0,32.0,Android,7.5,6.0
324,Gm 21,General Mobile,2499,1.8,3.0,32.0,Android,12.5,6.0
350,P20 Lite,Huawei,3149,2.8,4.0,64.0,Android,12.5,5.0
357,Mate Xs,Huawei,26599,2.8,8.0,512.0,Android,20.0,6.0
359,P20 Lite,Huawei,3149,2.3,4.0,64.0,Android,8.0,5.0
366,Y5p 2020,Huawei,2999,1.8,2.0,32.0,Android,7.5,5.0
367,Y5p 32,Huawei,3199,1.8,2.0,32.0,Android,7.5,5.0
429,A74 128GB,Oppo,4399,1.8,4.0,128.0,Android,20.0,6.0
430,Reno5 Lite,Oppo,5399,2.3,8.0,128.0,Android,20.0,6.0
432,Reno5 Lite,Oppo,5353,2.3,8.0,128.0,Android,20.0,6.0
433,A54 128GB,Oppo,3973,2.3,4.0,128.0,Android,17.5,6.0
434,A54 128GB,Oppo,3952,2.3,4.0,128.0,Android,17.5,6.0
436,A15s 64GB,Oppo,3589,2.3,4.0,64.0,Android,12.5,6.0
439,A15 32GB,Oppo,2999,2.3,2.0,32.0,Android,17.5,6.0
440,A74 128GB,Oppo,4545,1.8,4.0,128.0,Android,20.0,6.0
441,Reno4 Pro,Oppo,9349,2.3,8.0,256.0,Android,20.0,6.0
443,Reno4 Lite,Oppo,6599,2.3,8.0,128.0,Android,20.0,6.0
445,A15s 64GB,Oppo,3514,2.3,4.0,64.0,Android,12.5,6.0
446,A15 32GB,Oppo,3135,2.3,2.0,32.0,Android,12.5,6.0
447,Realme C11,Oppo,2569,2.3,2.0,32.0,Android,12.5,6.0
449,Reno 5,Oppo,5649,2.3,8.0,128.0,Android,20.0,6.0
450,Reno 5,Oppo,5645,2.3,8.0,128.0,Android,20.0,6.0
453,A54 Black,Oppo,4000,2.3,4.0,128.0,Android,17.5,6.0
455,Reno3 128GB,Oppo,6499,2.3,8.0,128.0,Android,20.0,6.0
456,Reno 4,Oppo,6495,2.3,8.0,128.0,Android,20.0,6.25
471,X3 Pro,POCO,9500,2.8,6.0,256.0,Android,20.0,6.0
472,X3 Pro,POCO,8900,2.8,6.0,256.0,Android,20.0,6.0
473,X3 Pro,POCO,8599,2.8,6.0,256.0,Android,20.0,6.0
474,M3 Pro,POCO,5349,2.3,6.0,128.0,Android,20.0,6.0
475,X4 Pro,POCO,9478,2.3,8.0,256.0,Android,20.0,6.0
476,X3 Pro,POCO,7799,2.8,6.0,128.0,Android,20.0,6.0
478,X3 Pro,POCO,7249,2.8,6.0,128.0,Android,20.0,6.0
479,X3 Pro,POCO,7499,2.8,6.0,128.0,Android,20.0,6.0
482,M3 Pro,POCO,5399,2.3,6.0,128.0,Android,20.0,6.0
483,M3 Pro,POCO,5399,2.3,6.0,128.0,Android,20.0,6.0
484,X3 NFC,POCO,5995,2.3,6.0,64.0,Android,20.0,6.0
485,X4 Pro,POCO,9220,2.3,8.0,128.0,Android,20.0,6.0
486,F3 6GB,POCO,8799,2.8,6.0,128.0,Android,20.0,6.0
493,X3 GT,POCO,7549,2.8,8.0,128.0,Android,20.0,6.0
494,X3 GT,POCO,7549,2.8,8.0,128.0,Android,20.0,6.0
498,C25s 128GB,realme,3999,1.8,4.0,128.0,Android,20.0,6.0
499,Gri C25s,realme,3898,1.8,4.0,128.0,Android,20.0,6.0
501,C21 64GB,realme,3200,2.3,3.0,64.0,Android,7.5,6.0
502,C21 64GB,realme,3330,2.3,3.0,64.0,Android,7.5,6.0
508,C21 32GB,realme,2939,2.3,3.0,32.0,Android,7.5,6.0
509,Gt Neo2,realme,13499,2.8,1.0,256.0,Android,20.0,7.0
510,C25 64GB,realme,3999,1.8,4.0,64.0,Android,20.0,6.0
511,5i 64GB,realme,3599,1.8,4.0,64.0,Android,8.0,6.0
512,C2 32,realme,2240,1.8,2.0,32.0,Android,12.5,6.0
515,Oppo 7,realme,4499,1.8,4.0,64.0,Android,12.5,6.0
516,C2 32gb,realme,2348,1.8,2.0,32.0,Android,12.5,6.0
517,C11 32,realme,2388,2.3,2.0,32.0,Android,12.5,6.0
519,Oppo 7,realme,4499,1.8,4.0,64.0,Android,12.5,6.0
522,5i 64GB,realme,3599,1.8,4.0,64.0,Android,8.0,6.0
525,C3 64GB,realme,3166,1.8,3.0,64.0,Android,12.5,6.0
527,C15 64GB,realme,3747,2.3,4.0,64.0,Android,12.5,6.0
530,C3i 32GB,realme,3050,1.8,2.0,32.0,Android,12.5,6.0
531,C11 32,realme,2598,2.3,2.0,32.0,Android,12.5,6.0
532,P13 BLUE,Reeder,1335,1.8,2.0,16.0,Android,7.5,6.0
533,P13 Blue,Reeder,1539,1.3,2.0,32.0,Android,7.5,6.0
537,P13 Blue,Reeder,2419,2.3,4.0,128.0,Android,12.5,6.0
538,P13 Blue,Reeder,1935,2.4,4.0,64.0,Android,7.5,6.25
539,P13 Blue,Reeder,1870,2.4,4.0,32.0,Android,7.5,6.25
540,P13 Blue,Reeder,1904,2.4,4.0,64.0,Android,7.5,6.25
541,P13 Blue,Reeder,3299,2.4,8.0,128.0,Android,50.0,6.2
542,P13 Blue,Reeder,1949,2.4,4.0,64.0,Android,12.5,6.25
543,P13 Blue,Reeder,2500,2.3,4.0,64.0,Android,12.5,6.0
545,P13 Blue,Reeder,1950,1.8,2.0,32.0,Android,7.5,6.0
546,P13 Blue,Reeder,1599,1.3,2.0,32.0,Android,7.5,6.0
547,P13 Blue,Reeder,2389,2.4,4.0,128.0,Android,12.5,6.2
548,P13 Blue,Reeder,1759,1.8,2.0,32.0,Android,7.5,6.0
549,P13 Blue,Reeder,2469,2.4,6.0,128.0,Android,17.5,6.25
551,P13 Blue,Reeder,1739,1.8,2.0,32.0,Android,7.5,6.0
552,P13 Blue,Reeder,3349,1.8,8.0,128.0,Android,17.5,6.2
554,P13 Blue,Reeder,2049,2.4,4.0,64.0,Android,7.5,6.25
555,P13 Blue,Reeder,1599,1.3,2.0,32.0,Android,7.5,6.0
558,P13 Blue,Reeder,2499,1.8,4.0,64.0,Android,17.5,6.0
559,P13 Blue,Reeder,1870,2.4,4.0,32.0,Android,7.5,6.25
560,P13 Blue,Reeder,2619,2.4,6.0,256.0,Android,12.5,6.25
561,P13 Blue,Reeder,1946,2.4,4.0,64.0,Android,12.5,6.25
562,P13 Blue,Reeder,2449,2.4,4.0,128.0,Android,12.5,6.25
564,P13 Blue,Reeder,1989,2.4,3.0,32.0,Android,12.5,6.0
565,P13 Blue,Reeder,1599,2.4,2.0,32.0,Android,7.5,6.0
567,P13 Blue,Reeder,1855,2.4,2.0,16.0,Android,12.5,6.0
569,P13 Blue,Reeder,3348,2.4,1.0,128.0,Android,7.5,6.0
572,P13 Blue,Reeder,2664,2.4,6.0,128.0,Android,17.5,6.25
573,P13 Blue,Reeder,2139,1.8,4.0,64.0,Android,7.5,6.0
576,P13 Blue,Reeder,1469,1.8,3.0,16.0,Android,12.5,5.0
577,P13 Blue,Reeder,1879,2.4,4.0,32.0,Android,12.5,6.25
579,P13 Blue,Reeder,1893,2.4,4.0,32.0,Android,7.5,6.25
580,P13 Blue,Reeder,1831,2.4,4.0,32.0,Android,7.5,6.25
581,P13 Blue,Reeder,1599,2.4,2.0,16.0,Android,12.5,6.0
582,P13 Blue,Reeder,1839,2.4,4.0,32.0,Android,5.0,6.25
585,P13 Blue,Reeder,2800,2.4,6.0,128.0,Android,17.5,6.25
587,P13 Blue,Reeder,1899,2.4,2.0,8.0,Android,7.5,6.25
588,P13 Blue,Reeder,2999,2.3,4.0,128.0,Android,12.5,6.0
591,P13 Blue,Reeder,2299,2.4,2.0,32.0,Android,17.5,6.2
593,Galaxy M12,Samsung,3534,1.8,4.0,128.0,Android,20.0,6.0
596,Galaxy A32,Samsung,4908,1.8,6.0,128.0,Android,70.0,6.25
598,Galaxy A32,Samsung,4964,1.8,6.0,128.0,Android,70.0,6.25
599,Galaxy A52,Samsung,6325,2.3,8.0,128.0,Android,70.0,6.25
600,Galaxy M12,Samsung,3417,1.8,4.0,64.0,Android,20.0,6.0
601,Galaxy A32,Samsung,4879,1.8,6.0,128.0,Android,70.0,6.25
602,Galaxy M12,Samsung,3393,1.8,4.0,64.0,Android,20.0,6.0
603,Galaxy A52,Samsung,6450,2.3,8.0,128.0,Android,70.0,6.25
605,Galaxy A72,Samsung,7349,2.3,8.0,128.0,Android,20.0,6.0
609,Galaxy S21,Samsung,10394,2.8,8.0,256.0,Android,17.5,6.2
611,Galaxy S20,Samsung,8959,2.8,8.0,256.0,Android,20.0,6.0
612,Galaxy A32,Samsung,4968,1.8,6.0,128.0,Android,70.0,6.25
616,Galaxy M12,Samsung,3639,1.8,4.0,128.0,Android,20.0,6.0
617,Galaxy A12,Samsung,3890,2.3,4.0,128.0,Android,20.0,6.0
618,Galaxy A72,Samsung,7399,2.3,8.0,128.0,Android,20.0,6.0
619,Galaxy A12,Samsung,3685,2.3,4.0,64.0,Android,20.0,6.0
620,Galaxy A72,Samsung,7395,2.3,8.0,128.0,Android,20.0,6.0
621,Galaxy A52,Samsung,6445,2.3,8.0,128.0,Android,70.0,6.25
622,Galaxy A52,Samsung,6631,2.3,8.0,128.0,Android,70.0,6.25
623,Galaxy A72,Samsung,7399,2.3,8.0,128.0,Android,20.0,6.0
624,Galaxy M12,Samsung,3650,1.8,4.0,128.0,Android,20.0,6.0
627,Galaxy S20,Samsung,9999,2.8,8.0,256.0,Android,20.0,6.0
628,Galaxy A02,Samsung,3035,1.3,3.0,32.0,Android,12.5,6.0
631,Galaxy M31s,Samsung,6485,2.3,6.0,128.0,Android,20.0,6.0
632,Galaxy A12,Samsung,3700,2.3,4.0,64.0,Android,20.0,6.0
633,Galaxy A52s,Samsung,7020,2.4,8.0,128.0,Android,70.0,6.25
634,Galaxy M31s,Samsung,6994,2.3,6.0,128.0,Android,20.0,6.0
635,Galaxy Note20,Samsung,18510,2.6,8.0,256.0,Android,20.0,6.0
636,Galaxy S22,Samsung,13338,2.8,8.0,128.0,Android,17.5,6.0
637,Galaxy S21,Samsung,10107,2.8,8.0,128.0,Android,17.5,6.2
638,Galaxy M21,Samsung,4600,2.3,4.0,64.0,Android,20.0,6.0
639,Galaxy M21,Samsung,4540,2.3,4.0,64.0,Android,20.0,6.0
640,Galaxy M12,Samsung,3432,1.8,4.0,64.0,Android,20.0,6.0
641,Galaxy A52s,Samsung,7079,2.4,8.0,128.0,Android,70.0,6.25
645,Galaxy A73,Samsung,9350,2.4,8.0,128.0,Android,50.0,6.7
647,Galaxy S21,Samsung,9629,2.8,8.0,128.0,Android,12.5,6.0
648,Galaxy S22,Samsung,25357,2.8,1.0,512.0,Android,17.5,6.0
650,Galaxy S20,Samsung,9039,2.8,8.0,256.0,Android,20.0,6.0
651,Galaxy A22,Samsung,4159,2.2,4.0,64.0,Android,50.0,6.4
653,Galaxy A22,Samsung,4370,2.2,4.0,128.0,Android,50.0,6.4
655,Galaxy Note20,Samsung,14170,2.6,8.0,256.0,Android,20.0,6.0
656,Galaxy S20,Samsung,9039,2.8,8.0,256.0,Android,20.0,6.0
657,Galaxy A21s,Samsung,4285,2.3,4.0,64.0,Android,20.0,6.0
658,Galaxy Z,Samsung,14860,2.8,8.0,128.0,Android,12.5,6.0
660,Galaxy Note20,Samsung,18099,2.6,8.0,256.0,Android,20.0,6.0
661,Galaxy Note20,Samsung,17919,2.6,8.0,256.0,Android,20.0,6.0
662,Galaxy A52s,Samsung,7119,2.4,4.0,128.0,Android,70.0,6.0
663,Galaxy S21,Samsung,10699,2.8,8.0,256.0,Android,17.5,6.2
664,Galaxy S22,Samsung,25399,2.8,1.0,512.0,Android,17.5,6.0
665,Galaxy S20,Samsung,8838,2.8,6.0,128.0,Android,90.0,6.25
666,Galaxy A52s,Samsung,7170,2.4,8.0,128.0,Android,70.0,6.25
668,Galaxy A01,Samsung,2639,1.3,1.0,16.0,Android,7.5,5.0
669,Galaxy A73,Samsung,9330,2.4,8.0,128.0,Android,50.0,6.7
671,Galaxy A51,Samsung,6335,2.3,6.0,128.0,Android,20.0,6.0
672,Galaxy A12,Samsung,3684,2.3,4.0,64.0,Android,20.0,6.0
673,Galaxy S20,Samsung,8575,2.8,6.0,128.0,Android,90.0,6.25
674,Galaxy S20,Samsung,9039,2.8,8.0,128.0,Android,20.0,6.0
675,Galaxy S20,Samsung,8588,2.8,8.0,128.0,Android,20.0,6.0
676,Galaxy S21,Samsung,9777,2.8,8.0,128.0,Android,12.5,6.0
677,Galaxy S21,Samsung,10079,2.8,8.0,128.0,Android,17.5,6.2
681,Galaxy A12,Samsung,3995,2.3,4.0,128.0,Android,20.0,6.0
682,Galaxy A51,Samsung,7999,2.3,8.0,256.0,Android,20.0,6.0
683,Galaxy S21,Samsung,10950,2.8,8.0,128.0,Android,17.5,6.2
684,Galaxy S21+,Samsung,15998,2.3,8.0,128.0,Android,20.0,6.0
685,Galaxy A21s,Samsung,4499,2.3,4.0,64.0,Android,20.0,6.0
686,Galaxy A22,Samsung,4281,2.2,4.0,64.0,Android,50.0,6.4
688,Galaxy A51,Samsung,7249,2.3,8.0,256.0,Android,20.0,6.0
689,Galaxy A12,Samsung,4020,2.3,4.0,128.0,Android,20.0,6.0
691,Galaxy S22,Samsung,22249,2.8,8.0,128.0,Android,17.5,6.0
692,Galaxy A22,Samsung,4194,2.2,4.0,64.0,Android,50.0,6.4
693,Galaxy S20,Samsung,10999,2.8,8.0,128.0,Android,20.0,6.0
694,Galaxy A01,Samsung,2665,1.3,1.0,16.0,Android,7.5,5.0
695,Galaxy A02s,Samsung,3311,1.8,4.0,32.0,Android,12.5,6.0
696,Galaxy A21s,Samsung,4315,2.3,4.0,64.0,Android,20.0,6.0
697,Galaxy A02,Samsung,3099,1.3,2.0,32.0,Android,17.5,6.0
698,Galaxy A03s,Samsung,3450,2.3,3.0,32.0,Android,12.5,6.25
700,Galaxy S22,Samsung,23999,2.8,1.0,256.0,Android,17.5,6.0
701,Galaxy S21,Samsung,10385,2.8,8.0,128.0,Android,12.5,6.0
702,Galaxy S20,Samsung,8699,2.8,6.0,128.0,Android,90.0,6.25
703,Galaxy S22,Samsung,13309,2.8,8.0,128.0,Android,17.5,6.0
704,Galaxy A22,Samsung,4599,2.2,4.0,128.0,Android,50.0,6.4
705,Galaxy S21+,Samsung,13850,2.3,8.0,128.0,Android,20.0,6.0
706,Galaxy A31,Samsung,4639,1.8,4.0,128.0,Android,20.0,6.0
708,Galaxy A02,Samsung,3085,1.3,3.0,32.0,Android,12.5,6.0
710,Galaxy Z,Samsung,28750,2.8,1.0,256.0,Android,12.5,6.0
711,Galaxy S22,Samsung,13335,2.8,8.0,128.0,Android,17.5,6.0
712,Galaxy S21,Samsung,20500,2.8,1.0,128.0,Android,20.0,6.0
714,Galaxy M21,Samsung,4539,2.3,4.0,64.0,Android,20.0,6.0
715,Galaxy A51,Samsung,6450,2.3,6.0,128.0,Android,20.0,6.0
717,Galaxy S21,Samsung,10500,2.8,8.0,128.0,Android,17.5,6.2
718,Galaxy A02s,Samsung,3399,1.8,4.0,32.0,Android,12.5,6.0
720,Galaxy A21s,Samsung,4979,1.8,4.0,128.0,Android,20.0,6.0
721,Galaxy S22,Samsung,13457,2.8,8.0,128.0,Android,17.5,6.0
722,Galaxy S21+,Samsung,16499,2.3,8.0,256.0,Android,20.0,6.0
723,Galaxy A22,Samsung,4430,2.2,4.0,128.0,Android,50.0,6.4
725,Galaxy A03s,Samsung,3470,2.3,3.0,32.0,Android,12.5,6.25
727,Galaxy S22,Samsung,24999,2.8,1.0,256.0,Android,17.5,6.0
728,Galaxy Z,Samsung,15373,2.8,8.0,128.0,Android,7.5,6.7
730,Galaxy A52s,Samsung,7047,2.4,8.0,128.0,Android,70.0,6.25
732,Galaxy A51,Samsung,9399,2.3,8.0,256.0,Android,20.0,6.0
734,Galaxy S21,Samsung,9870,2.8,8.0,128.0,Android,12.5,6.0
735,Galaxy S22,Samsung,22309,2.8,8.0,128.0,Android,17.5,6.0
736,Galaxy S22,Samsung,24389,2.8,1.0,256.0,Android,17.5,6.0
738,Galaxy S22+,Samsung,18619,2.8,8.0,128.0,Android,17.5,6.6
739,Galaxy S20,Samsung,8649,2.8,6.0,128.0,Android,90.0,6.25
741,Galaxy S10,Samsung,12850,2.8,8.0,128.0,Android,8.0,6.0
743,Galaxy A31,Samsung,7000,1.8,4.0,128.0,Android,20.0,6.0
744,Galaxy A02s,Samsung,3985,1.8,4.0,64.0,Android,12.5,6.0
745,Galaxy A22,Samsung,4231,2.2,4.0,64.0,Android,50.0,6.4
746,Galaxy A22,Samsung,4400,2.2,4.0,128.0,Android,50.0,6.4
747,Galaxy A02s,Samsung,3950,1.8,4.0,32.0,Android,12.5,6.0
749,GALAXY A50,Samsung,4199,2.3,6.0,128.0,Android,20.0,6.0
751,Galaxy S22,Samsung,25599,2.8,1.0,512.0,Android,17.5,6.0
753,Galaxy S20,Samsung,8999,2.8,8.0,256.0,Android,20.0,6.0
754,Galaxy S21,Samsung,19900,2.8,1.0,128.0,Android,20.0,6.0
758,Galaxy A31,Samsung,4849,1.8,4.0,128.0,Android,20.0,6.0
768,Galaxy Xcover,Samsung,6747,1.8,4.0,64.0,Android,20.0,6.0
769,Galaxy S20,Samsung,8999,2.8,8.0,128.0,Android,20.0,6.0
770,Galaxy S21,Samsung,11249,2.8,8.0,128.0,Android,12.5,6.2
774,Galaxy S22+,Samsung,24999,2.8,8.0,128.0,Android,17.5,6.6
775,Galaxy S22,Samsung,25599,2.8,1.0,512.0,Android,17.5,6.0
776,Galaxy M11,Samsung,3800,1.8,3.0,32.0,Android,20.0,6.0
781,Galaxy S22,Samsung,23195,2.8,8.0,128.0,Android,17.5,6.0
784,Galaxy J1,Samsung,849,1.3,5.0,4.0,Android,7.5,4.25
786,Galaxy S21+,Samsung,16500,2.3,8.0,256.0,Android,20.0,6.0
790,Galaxy J1,Samsung,849,1.3,5.0,4.0,Android,7.5,4.25
794,Galaxy S21,Samsung,10799,2.8,6.0,128.0,Android,12.5,6.25
796,Galaxy A73,Samsung,11500,2.4,8.0,128.0,Android,50.0,6.7
797,Galaxy S22,Samsung,24487,2.8,1.0,256.0,Android,17.5,6.0
798,Galaxy S22+,Samsung,20869,2.8,8.0,256.0,Android,17.5,6.6
800,Galaxy A13,Samsung,4042,2.2,4.0,64.0,iOS,17.5,5.25
802,Galaxy S21+,Samsung,16499,2.3,8.0,256.0,Android,20.0,6.0
803,Galaxy J1,Samsung,899,1.3,1.0,8.0,Android,7.5,5.25
804,Galaxy J1,Samsung,849,1.3,5.0,4.0,Android,7.5,4.25
805,Galaxy S22+,Samsung,20999,2.8,8.0,256.0,Android,17.5,6.6
808,Galaxy Z,Samsung,16969,2.8,8.0,128.0,Android,7.5,6.7
809,Galaxy A2,Samsung,3200,1.8,1.0,16.0,Android,5.0,4.0
810,Galaxy S20,Samsung,9150,2.8,8.0,256.0,Android,20.0,6.0
813,Galaxy A21s,Samsung,6900,1.8,4.0,128.0,Android,20.0,6.0
816,Galaxy S21,Samsung,11249,2.8,8.0,128.0,Android,12.5,6.2
819,Galaxy A13,Samsung,4100,2.2,4.0,64.0,iOS,17.5,5.25
820,Galaxy A01,Samsung,2800,1.3,1.0,16.0,Android,7.5,5.0
822,Galaxy A21s,Samsung,4999,1.8,4.0,128.0,Android,20.0,6.0
824,Galaxy S22+,Samsung,24999,2.8,8.0,256.0,Android,17.5,6.6
827,Galaxy S22+,Samsung,20999,2.8,8.0,256.0,Android,17.5,6.6
828,Galaxy S22,Samsung,23250,2.8,8.0,128.0,Android,17.5,6.0
830,Galaxy A03s,Samsung,3699,2.3,3.0,32.0,Android,12.5,6.25
834,Galaxy S22+,Samsung,19999,2.8,8.0,128.0,Android,17.5,6.6
835,Galaxy S22+,Samsung,19999,2.8,8.0,128.0,Android,17.5,6.6
837,Galaxy A02s,Samsung,5000,1.8,4.0,64.0,Android,12.5,6.0
844,Galaxy A12,Samsung,3719,2.3,4.0,64.0,Android,8.0,6.25
846,Galaxy A02,Samsung,3199,1.3,2.0,32.0,Android,17.5,6.0
849,Galaxy A12,Samsung,3718,2.3,4.0,64.0,Android,30.0,6.25
850,Galaxy A02s,Samsung,3945,1.8,4.0,64.0,Android,12.5,6.0
851,Galaxy A12,Samsung,3840,2.3,4.0,64.0,Android,20.0,6.0
852,Galaxy A12,Samsung,3719,2.3,4.0,64.0,Android,50.0,6.25
854,Galaxy S20,Samsung,9249,2.8,6.0,128.0,Android,7.5,6.25
865,10 Plus,TCL,4999,1.8,6.0,64.0,Android,20.0,6.0
866,20 Pro,TCL,8449,2.3,6.0,256.0,Android,20.0,6.0
868,10 Plus,TCL,4999,1.8,6.0,64.0,Android,20.0,6.0
870,20 Se,TCL,3199,1.8,4.0,64.0,Android,17.5,6.0
871,20l Plus,TCL,5900,1.8,6.0,256.0,Android,20.0,6.0
872,10 Se,TCL,4499,1.8,4.0,128.0,Android,20.0,6.0
873,10l 64,TCL,3899,1.8,6.0,64.0,Android,20.0,6.0
874,10l 256gb,TCL,5249,1.8,6.0,256.0,Android,20.0,6.0
876,20e Akıllı,TCL,2659,1.8,3.0,32.0,Android,17.5,6.0
881,10l T770h,TCL,4999,1.8,6.0,64.0,Android,20.0,6.0
923,Redmi Note,Xiaomi,5249,2.3,6.0,128.0,Android,20.0,6.0
924,Redmi 9a,Xiaomi,2600,2.3,4.0,64.0,Android,12.5,6.0
925,Redmi Note,Xiaomi,7006,2.3,8.0,128.0,Android,48.0,6.0
926,Redmi Note,Xiaomi,7710,2.3,8.0,128.0,Android,48.0,6.0
927,Redmi Note,Xiaomi,7325,2.3,8.0,128.0,Android,48.0,6.0
928,Redmi Note,Xiaomi,5170,2.3,6.0,128.0,Android,20.0,6.0
929,Redmi Note,Xiaomi,6999,2.3,6.0,128.0,Android,20.0,6.0
930,Redmi Note,Xiaomi,4999,2.3,4.0,128.0,Android,48.0,6.25
933,Redmi 9C,Xiaomi,3146,2.3,2.0,64.0,Android,12.5,6.0
934,Redmi 9T,Xiaomi,4389,2.3,4.0,128.0,Android,20.0,6.0
935,Redmi Note,Xiaomi,3799,2.3,4.0,64.0,Android,8.0,6.0
936,Redmi Note,Xiaomi,4899,2.3,6.0,64.0,Android,20.0,6.0
937,Redmi 9C,Xiaomi,2759,2.3,2.0,32.0,Android,12.5,6.0
938,Redmi Note,Xiaomi,6994,2.3,8.0,128.0,Android,48.0,6.0
939,Redmi Note,Xiaomi,5340,2.3,6.0,128.0,Android,20.0,6.0
940,Redmi Note,Xiaomi,3799,2.3,4.0,64.0,Android,8.0,6.0
941,Redmi 9C,Xiaomi,3117,2.3,2.0,64.0,Android,12.5,6.0
942,Redmi Note,Xiaomi,4999,2.3,4.0,128.0,Android,48.0,6.25
943,Redmi Note,Xiaomi,6745,2.3,8.0,128.0,Android,48.0,6.0
944,Redmı 9t,Xiaomi,3725,2.3,4.0,64.0,Android,20.0,6.0
945,Redmi Note,Xiaomi,6039,2.3,6.0,128.0,Android,20.0,6.0
946,Redmi Note,Xiaomi,3799,2.3,4.0,64.0,Android,8.0,6.0
947,Redmi Note,Xiaomi,6999,2.3,6.0,128.0,Android,20.0,6.0
949,Redmi Note,Xiaomi,9199,2.3,8.0,128.0,Android,20.0,6.0
950,Redmi Note,Xiaomi,5149,2.3,6.0,128.0,Android,20.0,6.0
951,Xıaomı Redmı,Xiaomi,2600,2.3,4.0,64.0,Android,12.5,6.0
952,Redmi Note,Xiaomi,7720,2.3,8.0,128.0,Android,48.0,6.0
953,Redmi 9T,Xiaomi,3745,2.3,4.0,64.0,Android,20.0,6.0
954,Redmi Note,Xiaomi,4299,2.3,4.0,128.0,Android,50.0,6.25
955,Redmi Note,Xiaomi,4897,2.3,6.0,128.0,Android,20.0,6.0
956,Redmi Note,Xiaomi,8685,2.3,8.0,128.0,Android,48.0,6.0
957,Redmi Note,Xiaomi,4789,2.3,4.0,128.0,Android,20.0,6.0
958,Redmi 9,Xiaomi,3150,1.8,4.0,64.0,Android,12.5,6.0
960,Redmi 9C,Xiaomi,3679,2.3,2.0,128.0,Android,12.5,6.0
961,Redmi Note,Xiaomi,4080,2.3,4.0,128.0,Android,20.0,6.0
962,Redmi Note,Xiaomi,4919,2.3,6.0,64.0,Android,20.0,6.0
964,Redmi Note,Xiaomi,4999,2.3,4.0,128.0,Android,48.0,6.25
965,Redmi Note,Xiaomi,8009,2.3,8.0,128.0,Android,48.0,6.0
966,Redmi 9C,Xiaomi,2758,2.3,2.0,32.0,Android,12.5,6.0
967,Note 8,Xiaomi,4777,2.3,6.0,64.0,Android,20.0,6.0
969,Redmi Note,Xiaomi,7279,2.3,6.0,128.0,Android,20.0,6.0
970,Redmi Note,Xiaomi,7379,2.3,8.0,128.0,Android,48.0,6.0
971,Redmi 9c,Xiaomi,3125,2.3,3.0,64.0,Android,12.5,6.0
973,Redmi Note,Xiaomi,5450,2.3,6.0,64.0,Android,20.0,6.0
974,Redmi Note,Xiaomi,6199,2.3,6.0,128.0,Android,48.0,6.25
975,Redmi 9C,Xiaomi,2725,2.3,2.0,32.0,Android,12.5,6.0
976,Redmi Note,Xiaomi,4199,2.3,4.0,128.0,Android,50.0,6.0
977,Redmi Note,Xiaomi,5689,2.3,6.0,128.0,Android,48.0,6.25
978,Redmi Note,Xiaomi,4870,2.3,6.0,64.0,Android,20.0,6.0
983,Redmi Note,Xiaomi,4990,2.3,6.0,128.0,Android,20.0,6.0
984,Redmi Note,Xiaomi,5440,2.3,6.0,128.0,Android,20.0,6.0
985,Redmi Note,Xiaomi,6750,2.3,6.0,128.0,Android,20.0,6.0
986,Redmi Note,Xiaomi,7009,2.3,6.0,128.0,Android,20.0,6.0
987,Redmi Note,Xiaomi,6010,2.3,6.0,128.0,Android,20.0,6.0
988,Redmi 9,Xiaomi,3150,1.8,4.0,64.0,Android,8.0,6.0
989,Redmi 9C,Xiaomi,3140,2.3,2.0,64.0,Android,12.5,6.0
990,Redmi Note,Xiaomi,8799,2.3,8.0,128.0,Android,48.0,6.0
991,Redmi 9T,Xiaomi,4308,2.3,4.0,128.0,Android,20.0,6.0
992,Redmi 9T,Xiaomi,3750,2.3,4.0,64.0,Android,20.0,6.0
993,Redmi Note,Xiaomi,4499,2.3,3.0,128.0,Android,20.0,6.0
994,Redmi 9T,Xiaomi,4429,2.3,4.0,128.0,Android,20.0,6.0
995,Redmi Note,Xiaomi,6949,2.3,6.0,128.0,Android,20.0,6.0
996,Redmi Note,Xiaomi,3990,2.3,4.0,128.0,Android,50.0,6.0
997,Redmi Note,Xiaomi,7403,2.3,8.0,128.0,Android,48.0,6.0
998,Redmi Note,Xiaomi,5799,2.3,3.0,128.0,Android,20.0,6.0
1001,Redmi Note,Xiaomi,4199,2.3,4.0,128.0,Android,50.0,6.0
1003,Redmi Note,Xiaomi,4459,2.3,4.0,64.0,Android,20.0,6.0
1005,Redmi 9C,Xiaomi,2884,2.3,2.0,32.0,Android,12.5,6.0
1007,Redmi Note,Xiaomi,9849,2.3,8.0,128.0,Android,20.0,6.0
1008,Mi 10T,Xiaomi,10349,2.8,8.0,128.0,Android,20.0,6.0
1009,Redmi 9C,Xiaomi,4050,2.3,2.0,128.0,Android,12.5,6.0
1010,Redmi Note,Xiaomi,7598,2.3,6.0,128.0,Android,48.0,6.0
1011,Redmi Note,Xiaomi,6339,2.3,6.0,128.0,Android,48.0,6.25
1012,Redmi 9T,Xiaomi,3775,2.3,4.0,64.0,Android,20.0,6.0
1013,Redmi Note,Xiaomi,6800,2.3,6.0,64.0,Android,20.0,6.0
1016,Redmi Note,Xiaomi,5148,2.3,6.0,128.0,Android,20.0,6.0
1018,Redmi Note,Xiaomi,5689,2.3,6.0,128.0,Android,48.0,6.25
1021,Redmi Note,Xiaomi,8000,2.3,6.0,128.0,Android,48.0,6.0
1023,Redmi Note,Xiaomi,4800,2.3,6.0,128.0,Android,20.0,6.0
1025,Redmi Note,Xiaomi,10127,2.3,8.0,128.0,Android,20.0,6.0
1026,Redmi Note,Xiaomi,5599,2.3,3.0,64.0,Android,20.0,6.0
1027,Mi 10T,Xiaomi,10349,2.8,8.0,128.0,Android,20.0,6.0
1028,Redmi Note,Xiaomi,5099,2.3,6.0,128.0,Android,20.0,6.0
1029,Redmi Note,Xiaomi,5469,2.3,6.0,128.0,Android,20.0,6.0
1030,Redmi Note,Xiaomi,4750,2.3,4.0,64.0,Android,50.0,6.25
1031,Redmi Note,Xiaomi,4199,2.3,4.0,128.0,Android,50.0,6.0
1032,Redmi Note,Xiaomi,7329,2.3,8.0,128.0,Android,48.0,6.0
1033,Redmi Note,Xiaomi,8099,2.3,8.0,128.0,Android,48.0,6.0
1036,Redmi Note,Xiaomi,5149,2.3,6.0,64.0,Android,20.0,6.0
1037,Redmi Note,Xiaomi,6959,2.3,8.0,128.0,Android,48.0,6.0
1038,Redmi 8,Xiaomi,3102,1.8,4.0,64.0,Android,12.5,6.0
1041,Redmi Note,Xiaomi,5999,2.3,6.0,128.0,Android,20.0,6.0
1042,Redmi Note,Xiaomi,5399,2.3,6.0,128.0,Android,20.0,6.0
1044,Redmi Note,Xiaomi,6239,2.3,6.0,128.0,Android,48.0,6.25
1047,Redmi Note,Xiaomi,4710,2.3,4.0,64.0,Android,48.0,6.25
1048,Mi Note,Xiaomi,7699,2.3,8.0,128.0,Android,20.0,6.0
1051,Redmi 9,Xiaomi,3150,1.8,4.0,64.0,Android,8.0,6.0
1053,Redmi Note,Xiaomi,7500,2.3,6.0,128.0,Android,48.0,6.0
1054,Redmi Note,Xiaomi,7499,2.3,6.0,128.0,Android,48.0,6.0
1055,Redmi Note,Xiaomi,5699,2.3,4.0,128.0,Android,20.0,6.0
1058,Mi 8,Xiaomi,3199,2.3,4.0,64.0,Android,12.5,5.0
1059,Redmi Note,Xiaomi,4465,2.3,4.0,64.0,Android,20.0,6.0
1060,Mi Note,Xiaomi,6799,2.8,6.0,128.0,Android,20.0,6.0
1061,Redmi Note,Xiaomi,5149,2.3,6.0,128.0,Android,8.0,6.0
1063,Mi 9,Xiaomi,5399,2.8,6.0,128.0,Android,20.0,6.0
1064,Redmi Note,Xiaomi,5899,2.3,6.0,64.0,Android,48.0,6.25
1066,Redmi Note,Xiaomi,3799,2.3,4.0,64.0,Android,20.0,6.0
1070,Mi 11,Xiaomi,8999,2.3,6.0,128.0,Android,20.0,6.0
1072,Redmi Note,Xiaomi,8199,2.3,8.0,128.0,Android,48.0,6.0
1073,Redmi 9C,Xiaomi,2759,2.3,2.0,32.0,Android,12.5,6.0
1074,Redmi Note,Xiaomi,7879,2.3,8.0,128.0,Android,48.0,6.0
1075,Xıaomı Redmı,Xiaomi,2520,2.3,2.0,32.0,Android,12.5,6.0
1076,Redmi Note,Xiaomi,5099,2.3,6.0,128.0,Android,20.0,6.0
1077,Redmi Note,Xiaomi,5440,2.3,6.0,128.0,Android,20.0,6.0
1079,Redmi Note,Xiaomi,5149,2.3,6.0,128.0,Android,20.0,6.0
1080,Redmi Note,Xiaomi,4785,2.3,4.0,64.0,Android,20.0,6.0
1082,Redmi 9t,Xiaomi,4650,2.3,4.0,128.0,Android,20.0,6.0
1087,Redmi 8,Xiaomi,3249,1.8,4.0,64.0,Android,8.0,6.0
1088,Mi 8,Xiaomi,3199,2.3,4.0,64.0,Android,12.5,5.0
1090,Redmi Note,Xiaomi,4100,2.3,4.0,128.0,Android,20.0,6.0
1091,Redmi 9a,Xiaomi,2899,1.8,2.0,32.0,Android,12.5,6.0
1093,Redmi Note,Xiaomi,5599,2.3,3.0,64.0,Android,20.0,6.0
1095,Redmi Note,Xiaomi,7499,2.3,8.0,128.0,Android,50.0,6.0
1096,Redmi Note,Xiaomi,4899,2.3,4.0,128.0,Android,20.0,6.0
1097,Redmi Note,Xiaomi,6800,2.3,6.0,64.0,Android,20.0,6.0
1101,Redmi Note,Xiaomi,5350,2.3,6.0,128.0,Android,20.0,6.0
1102,Redmi 9c,Xiaomi,3149,2.3,3.0,64.0,Android,12.5,6.0
1103,Redmi Note,Xiaomi,5447,2.3,6.0,128.0,Android,20.0,6.0
1104,Redmi 9A,Xiaomi,3199,1.8,2.0,32.0,Android,12.5,6.0
1107,Redmi Note,Xiaomi,5699,2.3,4.0,128.0,Android,20.0,6.0
1110,Redmi Note,Xiaomi,7450,2.3,8.0,128.0,Android,48.0,6.0
1111,Mi Note,Xiaomi,6499,2.3,6.0,64.0,Android,20.0,6.0
1115,Mi 10T,Xiaomi,7449,2.3,6.0,128.0,Android,20.0,6.0
1116,Mi 10T,Xiaomi,7899,2.3,6.0,128.0,Android,20.0,6.0
1117,Redmi Note,Xiaomi,6097,2.3,6.0,64.0,Android,48.0,6.25
1119,Redmi Note,Xiaomi,5950,2.3,6.0,128.0,Android,20.0,6.0
1123,Redmi Note,Xiaomi,5198,2.3,4.0,64.0,Android,48.0,6.25
1126,Redmi Note,Xiaomi,4740,2.3,4.0,64.0,Android,48.0,6.25
1128,Redmi Note,Xiaomi,5099,2.3,4.0,128.0,Android,48.0,6.25
1132,Redmi Note,Xiaomi,5663,2.3,4.0,128.0,Android,20.0,6.0
1134,Mi 10T,Xiaomi,7449,2.3,6.0,128.0,Android,20.0,6.0
1135,Mi Mix,Xiaomi,6999,2.8,6.0,64.0,Android,12.5,5.0
1137,Mi Note,Xiaomi,6286,2.3,6.0,64.0,Android,20.0,6.0
1138,Redmi Note,Xiaomi,5353,2.3,4.0,128.0,Android,17.5,6.0
1139,Redmi Note,Xiaomi,4499,2.3,4.0,128.0,Android,20.0,6.0
1140,Redmi Note,Xiaomi,7999,2.3,6.0,128.0,Android,48.0,6.0
1141,Redmi 9t,Xiaomi,3959,1.8,4.0,64.0,Android,20.0,6.0
1142,Redmi 9c,Xiaomi,3899,2.3,4.0,128.0,Android,12.5,6.0
1144,Xıaomı Redmı,Xiaomi,3198,2.3,3.0,64.0,Android,12.5,6.0
1147,Redmı 9c,Xiaomi,3198,2.3,3.0,64.0,Android,12.5,6.0
1148,Redmi Note,Xiaomi,5699,2.3,6.0,128.0,Android,48.0,6.0
1149,Redmi Note,Xiaomi,4799,2.3,4.0,64.0,Android,48.0,6.25
1152,Redmi Note,Xiaomi,4699,2.3,4.0,64.0,Android,48.0,6.25
1154,Redmi 9c,Xiaomi,3199,2.3,2.0,32.0,Android,12.5,6.0
1155,Redmi 9c,Xiaomi,3165,2.3,3.0,64.0,Android,12.5,6.0
1156,Redmi Note,Xiaomi,5349,2.3,4.0,128.0,Android,50.0,6.25
1159,Redmi Note,Xiaomi,5699,2.3,4.0,128.0,Android,20.0,6.0
1160,Redmi 9c,Xiaomi,3248,2.3,3.0,64.0,Android,12.5,6.0
